-- 基础字段定义
CREATE TABLE T_FORM_FIELD  (
  FIELD_ID VARCHAR(36) PRIMARY KEY,
  PAGE_ID VARCHAR(36),-- T_FORM_PAGE.PAGE_ID
  NAME VARCHAR(64),
  DISPLAY VARCHAR(64),
  TYPE VARCHAR(63),
  LAST_UPDATE_DATE TIMESTAMP,
  CREATE_TIME TIMESTAMP DEFAULT NOW(),
  STATUS INTEGER
);

--字段属性
CREATE TABLE T_FORM_PAGE_FIELD_ATTRS  (
  PAGE_ID VARCHAR(36),
  FIELD_NAME VARCHAR(36),
  ATTR_NAME VARCHAR(64),
  ATTR_VALUE VARCHAR(255)
);

--模块基本信息
CREATE TABLE T_FORM_MODULE  (
  ID VARCHAR(32) PRIMARY KEY,
  NAME VARCHAR(100),
  TITLE VARCHAR(100),
  SUMMARY VARCHAR(255),
  LAST_UPDATE_DATE TIMESTAMP,
  CREATE_TIME TIMESTAMP DEFAULT NOW(),
  STATUS INTEGER
);

--页面基本信息
CREATE TABLE T_FORM_PAGE  (
  PAGE_ID VARCHAR(36) PRIMARY KEY,
  PAGE_NAME VARCHAR(100),
  PAGE_TITLE VARCHAR(100),
  PAGE_TYPE VARCHAR(10),
  IS_MANUAL INTEGER,
  TABLE_NAME VARCHAR(30),
  SUMMARY VARCHAR(255),
  MODULE_ID VARCHAR(32),
  LAST_UPDATE_DATE TIMESTAMP,
  CREATE_TIME TIMESTAMP DEFAULT NOW(),
  STATUS INTEGER
);

--表单页面字段定义
CREATE TABLE T_FORM_PAGE_FIELD  (
  FIELD_ID VARCHAR(36) PRIMARY KEY,
  PAGE_ID VARCHAR(32),
  ROW_NUM INTEGER,
  COLUMN_NUM INTEGER,
  COLUMN_SPAN INTEGER,
  IS_READONLY INTEGER,
  IS_HIDDEN INTEGER,
  SIZE INTEGER,
  FOR_WORKITEM VARCHAR(36),
  FOR_WORKFLOW VARCHAR(36)
);
--列表页面字段定义
CREATE TABLE T_FORM_PAGE_LIST  (
  PK_ID VARCHAR(32) PRIMARY KEY,
  PAGE_ID VARCHAR(32),
  FIELD_ID VARCHAR(32),
  FIELD_INDEX INTEGER,
  FORMATTER VARCHAR(32)
);
--列表页面查询条件字段定义
CREATE TABLE T_FORM_PAGE_LIST_CONDITION  (
  PK_ID VARCHAR(32) PRIMARY KEY,
  PAGE_ID VARCHAR(32),
  FIELD_ID VARCHAR(32),
  ROW_NUM INTEGER,
  COLUMN_NUM INTEGER,
  COLUMN_SPAN INTEGER
);
--表单、流程关系表
CREATE TABLE T_FORM_FLOW (
	PK_ID VARCHAR(32) PRIMARY KEY,
	PAGE_ID VARCHAR(32),
	PD_KEY VARCHAR(255)
);
--待办
CREATE TABLE T_WORK_ITEM (
	ITEM_ID VARCHAR(36) PRIMARY KEY,
	BIZ_ID VARCHAR(36) NOT NULL,
	TITLE VARCHAR(255),
	FORM_KEY VARCHAR(255),
	TASK_ID VARCHAR(32),
	TASK_NAME VARCHAR(32),
	CREATE_TIME TIMESTAMP DEFAULT NOW(),
	STATUS INTEGER
);

--字典
CREATE TABLE T_DICTIONARY (
	PARENT_CODE VARCHAR(36),
	CODE VARCHAR(36),
	VALUE VARCHAR(255)
);

CREATE TABLE T_CHECKBOX_first_page (
	BIZ_ID VARCHAR(36),
	VALUE VARCHAR(32)
);

CREATE TABLE t_first_group (
	PK_ID VARCHAR(36) PRIMARY KEY,
	title VARCHAR(255),
	note VARCHAR(255),
	content VARCHAR(255)
);

INSERT INTO T_DICTIONARY (PARENT_CODE,CODE,VALUE) VALUES('pageType','个人电脑','1001');
INSERT INTO T_DICTIONARY (PARENT_CODE,CODE,VALUE) VALUES('pageType','安卓手机','1002');
INSERT INTO T_DICTIONARY (PARENT_CODE,CODE,VALUE) VALUES('pageType','安卓PAD','1003');
INSERT INTO T_DICTIONARY (PARENT_CODE,CODE,VALUE) VALUES('pageType','苹果手机','1004');
INSERT INTO T_DICTIONARY (PARENT_CODE,CODE,VALUE) VALUES('pageType','苹果PAD','1005');

INSERT INTO T_FORM_MODULE (ID,NAME,TITLE) VALUES ('100101','firstModule','测试模块');
INSERT INTO T_FORM_MODULE (ID,NAME,TITLE) VALUES ('100102','formDesign','表单设计');

INSERT INTO T_FORM_FLOW VALUES('1','1001','simpleApprovalProcess');

update T_FORM_FLOW set PD_KEY = 'simpleApprovalProcess' where PK_ID = '1';

INSERT INTO T_FORM_PAGE VALUES ('1001', 'first_page', '第一个页面', '1', 0,'t_auto_1001','测试', '100101', '2017-12-16 20:14:52', '2017-12-16 20:14:54', 1);

INSERT INTO T_FORM_PAGE_FIELD VALUES('0','1001',1,1,1,1,1,100,'bizId',null);
INSERT INTO T_FORM_PAGE_FIELD VALUES('1','1001',1,1,1,1,0,100,'title',null);
INSERT INTO T_FORM_PAGE_FIELD VALUES('2','1001',1,1,1,1,0,100,null,null);
INSERT INTO T_FORM_PAGE_FIELD VALUES('3','1001',2,1,1,1,0,100,null,null);
INSERT INTO T_FORM_PAGE_FIELD VALUES('6','1001',2,2,1,1,0,100,null,null);

INSERT INTO T_FORM_PAGE_LIST VALUES('0','1001','0',1,null);
INSERT INTO T_FORM_PAGE_LIST VALUES('1','1001','1',1,'showLink');
INSERT INTO T_FORM_PAGE_LIST VALUES('2','1001','2',2,null);

--测试
INSERT INTO T_FORM_PAGE VALUES ('1002', 'workItem', '待办列表', '1', 0,'T_WORK_ITEM','待办', '100101', '2017-12-16 20:14:52', '2017-12-16 20:14:54', 1);

INSERT INTO T_FORM_FIELD VALUES ('0', NULL, 'pk_id', '主键', 'key', '2017-12-16 20:42:50', '2017-12-16 20:42:52', 1);
INSERT INTO T_FORM_FIELD VALUES ('1', NULL, 'title', '标题', 'text', '2017-12-16 20:42:50', '2017-12-16 20:42:52', 1);
INSERT INTO T_FORM_FIELD VALUES ('2', NULL, 'note', '注释', 'text', '2017-12-16 20:43:44', '2017-12-16 20:43:47', 1);
INSERT INTO T_FORM_FIELD VALUES ('3', NULL, 'content', '内容', 'textarea', '2017-12-16 20:43:44', '2017-12-16 20:43:47', 1);
INSERT INTO T_FORM_FIELD VALUES ('6', NULL, 'love', '爱好', 'checkbox', '2017-12-16 20:43:44', '2017-12-16 20:43:47', 1);

-- 待办
INSERT INTO T_FORM_FIELD VALUES ('4', NULL, 'ITEM_ID', '主键', 'key', '2017-12-16 20:42:50', '2017-12-16 20:42:52', 1);
INSERT INTO T_FORM_FIELD VALUES ('5', NULL, 'TITLE', '标题', 'text', '2017-12-16 20:42:50', '2017-12-16 20:42:52', 1);
INSERT INTO T_FORM_FIELD VALUES ('7', NULL, 'TASK_NAME', '当前任务', 'text','2017-12-16 20:42:50', '2017-12-16 20:42:52', 1);

INSERT INTO T_FORM_PAGE_LIST VALUES('3','1002','4',1,null);
INSERT INTO T_FORM_PAGE_LIST VALUES('4','1002','5',1,'showLink');
INSERT INTO T_FORM_PAGE_LIST VALUES('5','1002','7',2,null);

--表单设计
INSERT INTO T_FORM_PAGE VALUES ('1003', 'formPageCreater', '新建表单页面', '1', null,'T_FORM_PAGE','创建表单页面第一步', '100102', NULL, '2018-01-16 20:05:52', 1);

INSERT INTO T_FORM_FIELD VALUES ('8', NULL, 'PAGE_ID', '主键', 'key', '2017-12-16 20:42:50', '2017-12-16 20:42:52', 1);
INSERT INTO T_FORM_FIELD VALUES ('9', NULL, 'PAGE_TITLE', '标题', 'text', '2017-12-16 20:42:50', '2017-12-16 20:42:52', 1);
INSERT INTO T_FORM_FIELD VALUES ('10', NULL, 'PAGE_NAME', '名称', 'text', '2017-12-16 20:42:50', '2017-12-16 20:42:52', 1);
INSERT INTO T_FORM_FIELD VALUES ('11', NULL, 'PAGE_TYPE', '页面类型', 'singleSelect', '2017-12-16 20:42:50', '2017-12-16 20:42:52', 1);
INSERT INTO T_FORM_FIELD VALUES ('12', NULL, 'IS_MANUAL', '手动管理', 'switch', '2017-12-16 20:42:50', '2017-12-16 20:42:52', 1);
INSERT INTO T_FORM_FIELD VALUES ('13', NULL, 'TABLE_NAME', '对应表名', 'text', '2017-12-16 20:42:50', '2017-12-16 20:42:52', 1);
INSERT INTO T_FORM_FIELD VALUES ('14', NULL, 'MODULE_ID', '所属模块', 'singleSelect', '2017-12-16 20:42:50', '2017-12-16 20:42:52', 1);
INSERT INTO T_FORM_FIELD VALUES ('15', NULL, 'SUMMARY', '简介', 'textarea', '2017-12-16 20:42:50', '2017-12-16 20:42:52', 1);

INSERT INTO T_FORM_PAGE_FIELD VALUES('8','1003',1,1,1,1,1,100,null,null);
INSERT INTO T_FORM_PAGE_FIELD VALUES('9','1003',1,1,3,1,0,100,null,null);
INSERT INTO T_FORM_PAGE_FIELD VALUES('10','1003',2,1,1,1,0,100,null,null);
INSERT INTO T_FORM_PAGE_FIELD VALUES('13','1003',2,2,1,1,0,100,null,null);
INSERT INTO T_FORM_PAGE_FIELD VALUES('14','1003',3,1,1,1,0,100,null,null);
INSERT INTO T_FORM_PAGE_FIELD VALUES('11','1003',3,2,1,1,0,100,null,null);
INSERT INTO T_FORM_PAGE_FIELD VALUES('12','1003',4,1,3,1,0,100,null,null);
INSERT INTO T_FORM_PAGE_FIELD VALUES('15','1003',5,1,3,1,0,100,null,null);

INSERT INTO T_FORM_PAGE_LIST VALUES('6','1003','8',1,null);
INSERT INTO T_FORM_PAGE_LIST VALUES('7','1003','9',2,null);
INSERT INTO T_FORM_PAGE_LIST VALUES('8','1003','9',3,'showLink');
INSERT INTO T_FORM_PAGE_LIST VALUES('9','1003','10',4,null);
INSERT INTO T_FORM_PAGE_LIST VALUES('10','1003','14',5,null);

INSERT INTO T_FORM_PAGE_LIST_CONDITION VALUES('6','1003','9',1,1,1);

INSERT INTO T_FORM_PAGE_FIELD_ATTRS VALUES('1003','PAGE_TITLE','height','30px');
INSERT INTO T_FORM_PAGE_FIELD_ATTRS VALUES('1003','PAGE_NAME','height','30px');
INSERT INTO T_FORM_PAGE_FIELD_ATTRS VALUES('1003','TABLE_NAME','height','30px');
INSERT INTO T_FORM_PAGE_FIELD_ATTRS VALUES('1003','SUMMARY','height','100px');
INSERT INTO T_FORM_PAGE_FIELD_ATTRS VALUES('1003','SUMMARY','border-radius','5px');
INSERT INTO T_FORM_PAGE_FIELD_ATTRS VALUES('1003','MODULE_ID','sql','select TITLE key,ID value from T_FORM_MODULE');
INSERT INTO T_FORM_PAGE_FIELD_ATTRS VALUES('1003','PAGE_TYPE','dic','pageType');

INSERT INTO T_FORM_PAGE VALUES ('1005', 'designed', '设计的页面', '1', null,'T_FORM_AUTO_FIRST','创建表单页面第一步', '100102', NULL, '2018-01-16 20:05:52', 1);
